Gym,Environment,Type
BOPTEST,bestest_air,ğŸ 
,bestest_hydronic,ğŸ 
,bestest_hydronic_heat_pump,ğŸ 
,multizone_residential_hydronic,ğŸ 
,singlezone_commercial_hydronic,ğŸ¢
Energym,Apartments2Thermal-v0,ğŸ 
,Apartments2Grid-v0,ğŸ 
,ApartmentsThermal-v0,ğŸ 
,ApartmentsGrid-v0,ğŸ 
,OfficesThermostat-v0,ğŸ¢
,MixedUseFanFCU-v0,ğŸ¢
,SeminarcenterThermostat-v0,ğŸ¢
,SeminarcenterFull-v0,ğŸ¢
,SimpleHouseRad-v0,ğŸ 
,SimpleHouseRSla-v0,ğŸ 
,SwissHouseRSlaW2W-v0,ğŸ 
,SwissHouseRSlaA2W-v0,ğŸ 
,SwissHouseRSlaTank-v0,ğŸ 
,SwissHouseRSlaTankDhw-v0,ğŸ 
Sinergym,Eplus-demo-v1,ğŸ 
,Eplus-5Zone-hot-discrete-v1,ğŸ 
,Eplus-5Zone-mixed-discrete-v1,ğŸ 
,Eplus-5Zone-cool-discrete-v1,ğŸ 
,Eplus-5Zone-hot-continuous-v1,ğŸ 
,Eplus-5Zone-mixed-continuous-v1,ğŸ 
,Eplus-5Zone-cool-continuous-v1,ğŸ 
,Eplus-5Zone-hot-discrete-stochastic-v1,ğŸ 
,Eplus-5Zone-mixed-discrete-stochastic-v1,ğŸ 
,Eplus-5Zone-cool-discrete-stochastic-v1,ğŸ 
,Eplus-5Zone-hot-continuous-stochastic-v1,ğŸ 
,Eplus-5Zone-mixed-continuous-stochastic-v1,ğŸ 
,Eplus-5Zone-cool-continuous-stochastic-v1,ğŸ 
,Eplus-datacenter-discrete-v1,ğŸ­
,Eplus-datacenter-continuous-v1,ğŸ­
,Eplus-datacenter-discrete-stochastic-v1,ğŸ­
,Eplus-datacenter-continuous-stochastic-v1,ğŸ­
,Eplus-IWMullion-discrete-v1,ğŸ¢
,Eplus-IWMullion-continuous-v1,ğŸ¢
,Eplus-IWMullion-discrete-stochastic-v1,ğŸ¢
,Eplus-IWMullion-continuous-stochastic-v1,ğŸ¢
